,category,title,writer,date,hit,url
0,산업분석,인공지능 시대 새로운 성장 동력 HBM(고대역폭메모리),심경석,2023-07-24,448,/kbresearch/vitamin/reportView.do?vitaminId=2000401
1,디지털,인공지능은 인간지능을 초월할 수 있을까,김진성,2023-06-20,948,/kbresearch/vitamin/reportView.do?vitaminId=2000400
2,산업분석,"발전기 없는 발전소, 가상발전소(VPP)",이창우,2023-04-14,1909,/kbresearch/vitamin/reportView.do?vitaminId=2000381
3,디지털,해외 대형은행의 온라인 대출중개 플랫폼 활용과 대응 사례,김준산,2022-10-07,6210,/kbresearch/vitamin/reportView.do?vitaminId=2000360
4,디지털,트래블룰 적용 의의와 국내 가상자산 업계 동향,박교순,2022-05-30,5031,/kbresearch/vitamin/reportView.do?vitaminId=2000355
5,경영환경,"여성의 건강과 삶의 질을 높이는 기술, 펨테크",김도연,2022-05-25,6007,/kbresearch/vitamin/reportView.do?vitaminId=2000353
6,기타,"벌집군집붕괴현상(CCD), 꿀벌의 경고에 응답하라",이창우 ,2022-05-22,4499,/kbresearch/vitamin/reportView.do?vitaminId=2000352
7,자산관리,화상통화를 활용한 비대면 보험 모집 해외 사례와 시사점,이명창,2022-03-15,3704,/kbresearch/vitamin/reportView.do?vitaminId=2000347
8,부동산,주택 임대차 계약 후 필수 코스 전월세신고제,손은경,2022-02-21,4023,/kbresearch/vitamin/reportView.do?vitaminId=2000343
18,디지털,소상공인의 코로나19 위기 극복을 위한 디지털 전환,박정미,2022-02-08,6180,/kbresearch/vitamin/reportView.do?vitaminId=2000342
19,경영환경,"금융, 범죄로부터 국민을 보호하라",이창우,2022-01-10,4572,/kbresearch/vitamin/reportView.do?vitaminId=2000339
20,경영환경,"성과를 만드는 팀의 비밀, 심리적 안전감",이동훈,2022-01-03,6438,/kbresearch/vitamin/reportView.do?vitaminId=2000338
21,자산관리,아트테크(Art+재테크) 활성화에 따른 예술품보험의 필요성 증대,박준모,2021-12-27,3381,/kbresearch/vitamin/reportView.do?vitaminId=2000337
22,부동산,주택인 듯 주택 아닌 주택 같은 오피스텔,정종훈,2021-11-15,4635,/kbresearch/vitamin/reportView.do?vitaminId=2000334
23,산업분석,"해상풍력, 풍력발전의 새로운 도전",장경석,2021-11-01,3723,/kbresearch/vitamin/reportView.do?vitaminId=2000333
24,마케팅,"일 잘하는 소비자, 팬슈머에 응답하라",손광표,2021-10-26,5808,/kbresearch/vitamin/reportView.do?vitaminId=2000332
25,산업분석,스코프3(Scope3)로 넓혀져 가는 탄소 발자국 지우기 ,채희근,2021-10-26,4383,/kbresearch/vitamin/reportView.do?vitaminId=2000331
26,경영환경,로봇을 활용한 슬기로운 코로나19 극복,김준산,2021-10-20,2942,/kbresearch/vitamin/reportView.do?vitaminId=2000330
27,해외경제,중국 그린본드 시장 현황과 향후 전망,이정진,2021-10-18,1702,/kbresearch/vitamin/reportView.do?vitaminId=2000329
28,산업분석,테슬라도 눈 돌린 우주산업 - 민간 주도 뉴 스페이스,심경석,2021-09-01,4121,/kbresearch/vitamin/reportView.do?vitaminId=2000328
29,기타,북한의 순환경제정책과 재자원화,손광수,2021-08-24,2510,/kbresearch/vitamin/reportView.do?vitaminId=2000327
30,산업분석,"위기를 기회로, 유통업의 디지털 트랜스포메이션",오상엽,2021-08-23,4989,/kbresearch/vitamin/reportView.do?vitaminId=2000313
31,해외경제,100년 기업 육성을 위한 일본 정부와 은행들의 노력,한보화,2021-08-16,2959,/kbresearch/vitamin/reportView.do?vitaminId=2000326
32,거시/경제,코로나19 이후 주요국 고용과 경기회복 경로,이승훈,2021-08-09,3778,/kbresearch/vitamin/reportView.do?vitaminId=2000325
33,기타,자가면역질환의 이해와 관리 방안,김도연,2021-08-09,1983,/kbresearch/vitamin/reportView.do?vitaminId=2000324
34,기타,"로또의 세계, 800만분의 1의 확률을 뚫어라",김진성,2021-08-04,2873,/kbresearch/vitamin/reportView.do?vitaminId=2000323
35,부동산,집값이 오르면 소비도 늘어날까?,김태환,2021-08-04,3281,/kbresearch/vitamin/reportView.do?vitaminId=2000322
36,부동산,2021년 미국의 새로운 부동산 트렌드,손은경,2021-06-28,4981,/kbresearch/vitamin/reportView.do?vitaminId=2000312
37,경영환경,"라이브 커머스, 중국 보험업계 새로운 판매 채널로 부상",이명창,2021-06-21,3357,/kbresearch/vitamin/reportView.do?vitaminId=2000309
38,마케팅,할매니얼들 윤며들다! : MZ세대를 감동시키는 디지털 어른들,박정미 ,2021-06-14,5596,/kbresearch/vitamin/reportView.do?vitaminId=2000308
39,디지털,지금은 메타버스에 올라탈 시간,이동훈,2021-06-07,12526,/kbresearch/vitamin/reportView.do?vitaminId=2000306
40,경영환경,‘플랫폼 경제’를 넘어 ‘프로토콜 경제’로,이창우,2021-05-31,7848,/kbresearch/vitamin/reportView.do?vitaminId=2000307
41,자본시장,팬데믹 이후 사이버 위험과 국내 사이버 보험상품의 이해,박준모,2021-05-24,2572,/kbresearch/vitamin/reportView.do?vitaminId=2000301
42,부동산,"포스트 코로나 시대, 공유 오피스의 현재와 미래",김지연,2021-05-17,6369,/kbresearch/vitamin/reportView.do?vitaminId=2000300
43,거시/경제,"구매관리자지수의 이해와 활용 - 미국, 유럽, 중국의 예를 중심으로",최진호,2021-05-10,2496,/kbresearch/vitamin/reportView.do?vitaminId=2000299
44,산업분석,"스타링크, 일론 머스크가 꿈꾸는 초고속 인터넷 세상",장경석,2021-05-03,2667,/kbresearch/vitamin/reportView.do?vitaminId=2000297
45,부동산,"신축 + 브랜드, 아파트의 가치를 바꾸다!",정종훈,2021-05-03,2435,/kbresearch/vitamin/reportView.do?vitaminId=2000298
46,디지털,"클럽하우스, 음성 기반 소셜미디어 시대를 열다",손광표,2021-04-27,2470,/kbresearch/vitamin/reportView.do?vitaminId=2000293
47,해외경제,"중국, 한국과의 FTA를 통해 내다본 캄보디아의 앞날",김가현,2021-04-27,1743,/kbresearch/vitamin/reportView.do?vitaminId=2000292
48,경영환경,"빅테크, 기업인가 권력인가",김준산,2021-04-27,3866,/kbresearch/vitamin/reportView.do?vitaminId=2000290
49,산업분석,제조업을 흔들 탈탄소 패러다임 RE100과 탄소국경세,채희근,2021-04-27,4615,/kbresearch/vitamin/reportView.do?vitaminId=2000289
50,경영환경,선택이 아닌 필수가 되어버린 디지털 트랜스포메이션,박교순,2021-04-12,7349,/kbresearch/vitamin/reportView.do?vitaminId=2000288
51,해외경제,중국 금융업의 AI 응용과 향후 전망,이정진,2021-04-05,2576,/kbresearch/vitamin/reportView.do?vitaminId=2000287
52,산업분석,차세대 모빌리티 시대에 주목받는 차량용 반도체,심경석,2021-04-05,1981,/kbresearch/vitamin/reportView.do?vitaminId=2000286
53,산업분석,변화하는 시대에 대응하는 유통업의 미래,오상엽,2021-04-01,5787,/kbresearch/vitamin/reportView.do?vitaminId=2000283
54,해외경제,개인 투자자의 성장과 일본의 장기 분산투자 강조,한보화,2021-03-29,1972,/kbresearch/vitamin/reportView.do?vitaminId=2000282
55,산업분석,"반려식물, 코로나19 이후 새로운 트렌드로 주목",김동우,2021-03-22,10878,/kbresearch/vitamin/reportView.do?vitaminId=2000281
56,거시/경제,코로나19 이후 한국경제의 양극화 심화와 과제,이승훈,2021-03-22,8911,/kbresearch/vitamin/reportView.do?vitaminId=2000280
57,기타,통일교육에 놀이를 더하다 : 에듀툴킷,손광수,2021-03-15,1969,/kbresearch/vitamin/reportView.do?vitaminId=2000227
58,경영환경,소멸하는 대한민국: 한국의 출산율 감소,김진성,2021-03-15,3655,/kbresearch/vitamin/reportView.do?vitaminId=2000260
59,자산관리,반복되는 전염병 위험과 보험업의 역할,김도연,2021-03-15,2253,/kbresearch/vitamin/reportView.do?vitaminId=2000259
60,자산관리,MZ세대 겨냥하는 ‘미니보험’,최윤경,2021-03-08,5879,/kbresearch/vitamin/reportView.do?vitaminId=2000225
61,부동산,"건물주가 된다는 것, 서울 꼬마빌딩 시장",김태환,2021-03-02,6636,/kbresearch/vitamin/reportView.do?vitaminId=2000252
62,자산관리,"블록체인 시장의 다음 메가트렌드, NFT",김회민,2021-03-02,14729,/kbresearch/vitamin/reportView.do?vitaminId=2000224
72,경영환경,공정함에 집착하고 또 집착하라,권세환,2021-02-22,3267,/kbresearch/vitamin/reportView.do?vitaminId=2000251
73,부동산,"로또 청약의 대안, 토지임대부 주택과 환매조건부 주택",손은경,2021-02-22,2075,/kbresearch/vitamin/reportView.do?vitaminId=2000250
74,해외경제,중국 온라인 보험시장의 성장과 생태계 변화,이명창,2021-02-15,3052,/kbresearch/vitamin/reportView.do?vitaminId=2000249
75,경영환경,구르미 그린 미래 : 클라우드 컴퓨팅의 개념과 비즈니스 사례 ,박정미,2021-02-15,3265,/kbresearch/vitamin/reportView.do?vitaminId=2000248
76,부동산,코로나19로 인한 홈오피스 시장의 변화,김지연,2021-02-08,3559,/kbresearch/vitamin/reportView.do?vitaminId=2000247
77,경영환경,금융소비자보호에 관한 법률 제정과 금융권 과제,이지윤,2021-01-27,3411,/kbresearch/vitamin/reportView.do?vitaminId=2000245
78,경영환경,코로나19 이후 업무연속성계획(BCP)의 변화 방향,정인,2021-01-27,2767,/kbresearch/vitamin/reportView.do?vitaminId=2000244
79,부동산,"3기 신도시 지정 후 약 2년, 어떻게 진행되고 있을까?",정종훈,2021-01-20,3117,/kbresearch/vitamin/reportView.do?vitaminId=2000223
80,자산관리,모르면 손해보는 자동차 보험이야기,이경식,2021-01-20,2897,/kbresearch/vitamin/reportView.do?vitaminId=2000243
81,해외경제,변화의 시기를 맞은 인도네시아 경제의 강점과 약점,김가현,2021-01-13,2198,/kbresearch/vitamin/reportView.do?vitaminId=2000242
82,경영환경,디지털 기술에 의한 민주주의 저해와 해결 방안,김준산,2021-01-13,2309,/kbresearch/vitamin/reportView.do?vitaminId=2000241
83,마케팅,"펫테크, 기술로 반려동물을 널리 이롭게 하다",손광표,2021-01-06,5669,/kbresearch/vitamin/reportView.do?vitaminId=2000240
84,산업분석,"닮은 듯 닮지 않은 삼성, SK, LG그룹의 자동차 사업 전략",채희근,2021-01-06,2717,/kbresearch/vitamin/reportView.do?vitaminId=2000199
85,경영환경,"주요국의 그린 뉴딜 정책, 포스트 코로나 시대 새로운 성장 동력",장경석,2020-12-31,3189,/kbresearch/vitamin/reportView.do?vitaminId=2000222
86,부동산,"언택트 시대, 관광 산업의 디지털 혁신",류석재,2020-12-31,3532,/kbresearch/vitamin/reportView.do?vitaminId=2000221
87,거시/경제,스마일 커브를 통해 바라보는 달러의 향방,최진호,2020-12-28,1662,/kbresearch/vitamin/reportView.do?vitaminId=2000246
88,디지털,"개인정보의 주권회복을 위한 솔루션, 탈중앙화 신원증명(DID)",박교순,2020-12-22,3305,/kbresearch/vitamin/reportView.do?vitaminId=2000198
89,경영환경,"끊임없이 학습하는 문화, SK가 그리는 HR 전략",최지현,2020-12-22,3868,/kbresearch/vitamin/reportView.do?vitaminId=2000197
90,해외경제,중국 14차 5개년 계획(2021~2025) 평가 및 전망,이정진,2020-12-17,2894,/kbresearch/vitamin/reportView.do?vitaminId=2000220
91,산업분석,6G – 초연결 시대를 여는 차세대 이동통신,심경석,2020-12-16,3612,/kbresearch/vitamin/reportView.do?vitaminId=2000219
92,산업분석,코로나19와 자영업 명암,김동우,2020-12-04,4197,/kbresearch/vitamin/reportView.do?vitaminId=2000218
93,자본시장,위기의 국민연금,김진성,2020-12-04,9919,/kbresearch/vitamin/reportView.do?vitaminId=2000217
94,해외경제,일본 가계의 자산운용 구조와 금융권의 대응 노력,한보화,2020-11-27,1930,/kbresearch/vitamin/reportView.do?vitaminId=2000216
95,자산관리,변액보험의 이해와 가입시 고려사항,김도연,2020-11-18,2254,/kbresearch/vitamin/reportView.do?vitaminId=2000215
96,거시/경제,중장기 금리 전망과 결정요인 점검,이승훈,2020-11-11,4021,/kbresearch/vitamin/reportView.do?vitaminId=2000211
97,기타,북한의 기업형태와 운영방식,손광수,2020-11-11,2150,/kbresearch/vitamin/reportView.do?vitaminId=2000210
98,자산관리,내가 내는 보험료 이해하기,박완수,2020-11-05,2542,/kbresearch/vitamin/reportView.do?vitaminId=2000196
99,마케팅,"UI/UX, 경험을 디자인하다 ",권세환,2020-11-04,7182,/kbresearch/vitamin/reportView.do?vitaminId=2000195
100,경영환경,모두를 위한 자유로운 금융서비스 디파이(Defi),김회민,2020-10-21,6446,/kbresearch/vitamin/reportView.do?vitaminId=2000209
101,부동산,"논란의 중심에 있는 도심속 허파, 그린벨트  ",손은경,2020-10-14,2857,/kbresearch/vitamin/reportView.do?vitaminId=2000208
102,마케팅,제국의 역습: 전통기업들의 디지털 혁신 사례,박정미,2020-10-07,6788,/kbresearch/vitamin/reportView.do?vitaminId=2000204
103,부동산,  부동산 펀드의 이해와 투자 시 고려사항,김지연,2020-09-23,3951,/kbresearch/vitamin/reportView.do?vitaminId=2000203
104,거시/경제,적정 외환보유액에 대한 이해,최진호,2020-09-23,3209,/kbresearch/vitamin/reportView.do?vitaminId=2000194
105,경영환경,"4차 산업혁명 시대, 기업의 직원 리스킬링과 업스킬링 전략",이지윤,2020-09-16,6536,/kbresearch/vitamin/reportView.do?vitaminId=2000193
106,경영환경,개인정보 기반 수익화와 감시 자본주의,김준산,2020-09-08,3586,/kbresearch/vitamin/reportView.do?vitaminId=2000178
107,경영환경,캠핑과 보험 가입 Tip,이경식,2020-09-02,2269,/kbresearch/vitamin/reportView.do?vitaminId=2000189
108,부동산,부린이(부동산+어린이)를 위한 필수 부동산 세금,정종훈,2020-09-02,4941,/kbresearch/vitamin/reportView.do?vitaminId=2000190
109,해외경제,"트럼프 vs. 바이든, 미 대선 주요 쟁점과 영향",김가현,2020-08-26,3795,/kbresearch/vitamin/reportView.do?vitaminId=2000188
110,경영환경,트렌드를 뒤집는 역트렌드(Counter-trend),손광표,2020-08-26,5893,/kbresearch/vitamin/reportView.do?vitaminId=2000187
111,산업분석,자율주행차보다 먼저 시작될 에어택시 (Air taxi),채희근,2020-08-19,3445,/kbresearch/vitamin/reportView.do?vitaminId=2000176
112,산업분석,코로나19가 앞당긴 스마트 물류 시대 ,장경석,2020-08-19,7980,/kbresearch/vitamin/reportView.do?vitaminId=2000186
113,부동산,"1코노미 시대 주거공간, 셰어하우스",류석재,2020-08-12,4907,/kbresearch/vitamin/reportView.do?vitaminId=2000175
114,경영환경,짧고 강렬하게!! 숏폼 콘텐츠에 열광하는 Z세대,박교순,2020-08-11,7468,/kbresearch/vitamin/reportView.do?vitaminId=2000174
115,해외경제,중국인민은행 디지털화폐와 위안화 국제화,이정진,2020-07-28,3523,/kbresearch/vitamin/reportView.do?vitaminId=2000181
116,거시/경제,국가부채 통계의 이해: 우리나라 국가부채 수준은 적정한가?,이승훈,2020-07-28,5715,/kbresearch/vitamin/reportView.do?vitaminId=2000180
126,산업분석,디지털 시대의 최첨단 명탐정 – 디지털 포렌식,심경석,2020-07-22,3371,/kbresearch/vitamin/reportView.do?vitaminId=2000139
127,산업분석,목욕탕에서 선글라스를 판매하는 젠틀몬스터,오상엽,2020-07-22,3322,/kbresearch/vitamin/reportView.do?vitaminId=2000170
128,해외경제,포인트를 활용한 일본의 소액 투자 시장,한보화,2020-07-15,2694,/kbresearch/vitamin/reportView.do?vitaminId=2000167
129,경영환경,"Forecasting에서 Nowcasting으로, Big Data를 이용한 실시간 경제예측",김동우,2020-07-15,3530,/kbresearch/vitamin/reportView.do?vitaminId=2000166
130,경영환경,AR(증강현실) 동향 및 보험업의 활용사례,김도연,2020-07-10,3693,/kbresearch/vitamin/reportView.do?vitaminId=2000138
131,자산관리,코로나19 시대 개미들의 주식투자,김진성,2020-07-10,3515,/kbresearch/vitamin/reportView.do?vitaminId=2000137
132,기타,탈북민 창업과 임팩트 기부(Impact Donation),손광수,2020-07-01,2132,/kbresearch/vitamin/reportView.do?vitaminId=2000165
133,자산관리,어려운 보험 관련 의학용어 쉽게 이해하기(3대 질병),박완수,2020-07-01,2236,/kbresearch/vitamin/reportView.do?vitaminId=2000136
134,경영환경,언택트(Untact)를 커넥트(Connect)하다,권세환,2020-06-24,8242,/kbresearch/vitamin/reportView.do?vitaminId=2000135
135,경영환경,글로벌 단일 디지털 통화를 꿈꾸는 페이스북 리브라의 전략 변화,김회민,2020-06-24,3926,/kbresearch/vitamin/reportView.do?vitaminId=2000134
136,경영환경,"포스트 코로나 시대, 자영업 시장의 변화",김태환,2020-06-18,5968,/kbresearch/vitamin/reportView.do?vitaminId=2000163
137,부동산,주요지역 전세시장 불안 점검,손은경,2020-06-18,2833,/kbresearch/vitamin/reportView.do?vitaminId=2000162
138,경영환경,새로운 10대의 금융 이해력 향상을 위한 국내외 디지털 금융 서비스,박정미,2020-06-10,4554,/kbresearch/vitamin/reportView.do?vitaminId=2000133
139,거시/경제,OECD경기순행지수를 활용해 경기순환(business cycle) 읽어보기 ,최진호,2020-06-10,4381,/kbresearch/vitamin/reportView.do?vitaminId=2000132
140,부동산,"공무원도 헷갈리는 복잡한 주택 유형, ‘공공임대주택’",정종훈,2020-06-03,3473,/kbresearch/vitamin/reportView.do?vitaminId=2000161
141,경영환경,"열린 사회의 적, 인포데믹(infodemic)",정인,2020-06-03,5485,/kbresearch/vitamin/reportView.do?vitaminId=2000160
142,경영환경,관상(觀相)보는 보험사들,이경식 ,2020-05-27,2531,/kbresearch/vitamin/reportView.do?vitaminId=2000159
143,부동산,내 땅 바로알기 – 용도 지역•지구•구역 제도,류석재,2020-05-27,3698,/kbresearch/vitamin/reportView.do?vitaminId=2000130
144,경영환경,반응형 음성 광고 : AI스피커를 활용한 마케팅의 서막,김준산,2020-05-20,3318,/kbresearch/vitamin/reportView.do?vitaminId=2000129
145,산업분석,현대차그룹은 과거 위기마다 어떻게 성장했을까?,채희근,2020-05-20,3661,/kbresearch/vitamin/reportView.do?vitaminId=2000158
146,산업분석,"보잉(Boeing), 코로나19로 풍전등화의 위기에 처하다",장경석,2020-05-13,2157,/kbresearch/vitamin/reportView.do?vitaminId=2000155
147,해외경제,코로나19 이후 베트남 경제의 부상은 지속될 것인가?,김가현,2020-05-13,2676,/kbresearch/vitamin/reportView.do?vitaminId=2000154
148,경영환경,"‘스토브리그’ 속 데이터 야구, 세이버메트릭스",손광표 ,2020-05-06,3425,/kbresearch/vitamin/reportView.do?vitaminId=2000153
149,산업분석,"버려진 에너지가 만드는 전력, 에너지 하베스팅",심경석,2020-04-29,3160,/kbresearch/vitamin/reportView.do?vitaminId=2000156
150,경영환경,LG생활건강의 지속가능한 성장동력 : Growing-up 리더십과 기업문화,최지현,2020-04-29,2542,/kbresearch/vitamin/reportView.do?vitaminId=2000152
151,해외경제,코로나19로 인한 중국인들의 일상과 비즈니스 환경 변화 ,이정진,2020-04-22,2571,/kbresearch/vitamin/reportView.do?vitaminId=2000128
152,경영환경,비디오시대에 다시 급부상하고 있는 오디오 서비스,박교순,2020-04-22,2717,/kbresearch/vitamin/reportView.do?vitaminId=2000147
153,산업분석,"PC방의 무한변신 , 카페인가 음식점인가 ",오상엽,2020-04-14,2880,/kbresearch/vitamin/reportView.do?vitaminId=2000145
154,부동산,내집마련의 첫걸음 주택청약 ,손은경,2020-04-13,3541,/kbresearch/vitamin/reportView.do?vitaminId=2000120
155,해외경제,일본의 공적연금과 노후준비 ,한보화,2020-04-08,3282,/kbresearch/vitamin/reportView.do?vitaminId=2000101
156,경영환경,"지속가능연계대출, 착한 기업에 착한 대출 ",김동우,2020-04-08,3779,/kbresearch/vitamin/reportView.do?vitaminId=2000100
157,경영환경,"멘탈 헬스케어, 어디까지 왔는가 ",김도연,2020-04-01,4147,/kbresearch/vitamin/reportView.do?vitaminId=2000092
158,자산관리,연령대별로 어떤 금융상품을 보유하고 있는가,김진성,2020-04-01,12726,/kbresearch/vitamin/reportView.do?vitaminId=2000079
159,자산관리,생활 속의 배상책임,박완수,2020-03-04,1812,/kbresearch/vitamin/reportView.do?vitaminId=2000071
160,산업분석,AR(증강현실) 시장의 성장과 금융권 활용 가능성,김회민,2020-03-02,3450,/kbresearch/vitamin/reportView.do?vitaminId=2000070
161,경영환경,"초(超)개인화, 0.1명 단위로 세그멘테이션 하다",권세환,2020-02-26,6588,/kbresearch/vitamin/reportView.do?vitaminId=2000059
162,기타,드라마 '사랑의 불시착'에서 본 북한경제 생활상,손광수,2020-02-24,3039,/kbresearch/vitamin/reportView.do?vitaminId=2000018
163,부동산,종합부동산세제의 변화와 향후 전망,김태환,2020-02-19,2414,/kbresearch/vitamin/reportView.do?vitaminId=2000069
164,거시/경제,글로벌 저축의 역설과 금융시장,최진호,2020-02-10,3618,/kbresearch/vitamin/reportView.do?vitaminId=2000017
165,부동산,"10대부터 90대까지가 수험생?!, '부동산 관련 자격증'",정종훈,2020-02-05,2039,/kbresearch/vitamin/reportView.do?vitaminId=2000058
166,자산관리,어린이보험의 이해와 가입 Tip,이경식,2020-01-29,1632,/kbresearch/vitamin/reportView.do?vitaminId=2000060
167,부동산,"4차 산업혁명의 인프라, 공간정보산업의 미래",류석재,2020-01-22,2643,/kbresearch/vitamin/reportView.do?vitaminId=2000057
168,산업분석,윤곽이 드러난 현대차그룹의 차세대 모빌리티 전략,채희근,2020-01-08,2479,/kbresearch/vitamin/reportView.do?vitaminId=2000068
169,경영환경,착한 스타트업 `소셜벤처` 생태계와 지원 현황,강서진,2020-01-02,4548,/kbresearch/vitamin/reportView.do?vitaminId=2000012
170,경영환경,디지털로 사람을 치료한다 : 디지털 테라퓨틱스,장경석,2019-12-30,2704,/kbresearch/vitamin/reportView.do?vitaminId=2000015
180,해외경제,"불야성 중국, 야간경제 활성화로 소비에 불지핀다 ",이정진,2019-12-23,2242,/kbresearch/vitamin/reportView.do?vitaminId=2000016
181,기타,북한의 모바일 결제어플 울림1.0,손광수,2019-12-23,1959,/kbresearch/vitamin/reportView.do?vitaminId=2000013
182,기타,"1만년이 걸릴 연산을 200초 만에, 다가오는 양자컴퓨터 시대",심경석,2019-12-18,1440,/kbresearch/vitamin/reportView.do?vitaminId=2000014
183,마케팅,뷰티 패션문화를 주도하는 나노인플루언서,오현정,2019-12-16,2512,/kbresearch/vitamin/reportView.do?vitaminId=2000011
184,해외경제,사무라이와 쇼군에 가부키까지! 초저금리 시대 부각되는 일본 채권시장,한보화,2019-12-09,1611,/kbresearch/vitamin/reportView.do?vitaminId=2000009
185,부동산,아파트 재건축 이주세대 분석과 전세시장 영향,김태환,2019-12-09,1482,/kbresearch/vitamin/reportView.do?vitaminId=1003879
186,자산관리,주택화재보험 개념 및 가입 체크리스트,박완수,2019-12-02,1672,/kbresearch/vitamin/reportView.do?vitaminId=2000010
187,부동산,"이제는 주택도 100세 시대, ‘장수명 주택’",정종훈,2019-12-02,2055,/kbresearch/vitamin/reportView.do?vitaminId=1003877
188,산업분석,"덤벨이코노미, 밀레니얼과 함께 성장하는 체력단련장업",이택수,2019-11-27,3479,/kbresearch/vitamin/reportView.do?vitaminId=1003876
189,경영환경,유병자보험과 간편심사,이경식,2019-11-25,2286,/kbresearch/vitamin/reportView.do?vitaminId=1003875
190,부동산,부동산 가치평가 방식과 활용,류석재,2019-11-20,4445,/kbresearch/vitamin/reportView.do?vitaminId=1003874
191,경영환경,제론테크(Gerontech)와 스마트리빙 ,박성수,2019-11-18,3534,/kbresearch/vitamin/reportView.do?vitaminId=1003873
192,마케팅,"스토리로 말하는 캐릭터 마케팅, 펭하(펭수하이)~",권세환,2019-11-13,3976,/kbresearch/vitamin/reportView.do?vitaminId=1003871
193,산업분석,중국 공유 자전거 업체들의 몰락이 주는 교훈,채희근,2019-11-04,2568,/kbresearch/vitamin/reportView.do?vitaminId=1003868
194,거시/경제, 미국의 장단기 금리 역전과 위기 가능성,이승훈,2019-10-31,2831,/kbresearch/vitamin/reportView.do?vitaminId=1003867
195,산업분석,"스마트 양식, 고갈되고 있는 수산자원의 대안",장경석,2019-10-28,2627,/kbresearch/vitamin/reportView.do?vitaminId=1003866
196,해외경제,중국 왕롄(Nets-Union)과 은롄(Union-pay)에 대한 이해,이정진,2019-10-14,3356,/kbresearch/vitamin/reportView.do?vitaminId=1003863
197,경영환경,기업의 인재 영입과 온보딩 트렌드 ,최지현,2019-10-07,3417,/kbresearch/vitamin/reportView.do?vitaminId=1003862
198,해외경제,"동경의 대상, 동경의 타워맨션",한보화,2019-09-30,2449,/kbresearch/vitamin/reportView.do?vitaminId=1003861
199,자산관리,실손보험의 특징 및 시장 이슈,박완수,2019-09-23,3193,/kbresearch/vitamin/reportView.do?vitaminId=1003853
200,산업분석,"1차산업에서 4차산업으로 진화하는 농업, 스마트팜",김동우,2019-09-16,5415,/kbresearch/vitamin/reportView.do?vitaminId=1003852
201,부동산,경리단길을 통해 본 핫플레이스의 성장과 쇠퇴,김태환,2019-09-10,4256,/kbresearch/vitamin/reportView.do?vitaminId=1003848
202,마케팅,디지털 마케팅에 Fun Tech를 더하다,권세환,2019-09-02,6758,/kbresearch/vitamin/reportView.do?vitaminId=1003845
203,부동산,"아파트와 단독주택의 만남, 블록형 단독주택",류석재,2019-08-26,4349,/kbresearch/vitamin/reportView.do?vitaminId=1003844
204,마케팅,파이낸셜 노마드(Financial Nomad) 현상과 노마드형 고객의 이동방지 사례,오현정,2019-08-19,6018,/kbresearch/vitamin/reportView.do?vitaminId=1003843
205,자산관리,암보험 제대로 알고 가입하기,이경식,2019-08-19,2154,/kbresearch/vitamin/reportView.do?vitaminId=1003842
206,부동산,"채권입찰제, 분양시장 안정화 방안으로 재부각",손은경,2019-08-12,2599,/kbresearch/vitamin/reportView.do?vitaminId=1003838
207,산업분석,사활을 건 유통업계의 라스트마일 혁신 경쟁,채희근,2019-07-29,4046,/kbresearch/vitamin/reportView.do?vitaminId=1003837
208,경영환경,Z세대 직장인 Z-geneker 트렌드와 성과 방식,최지현,2019-07-24,5529,/kbresearch/vitamin/reportView.do?vitaminId=1003836
209,부동산,생애주기에 따른 1기신도시 인구구조 특성 변화,김지훈,2019-07-22,3747,/kbresearch/vitamin/reportView.do?vitaminId=1003820
210,해외경제,중국 엔터테인먼트 산업 동향과 대형 IT 기업의 약진,이정진,2019-07-17,2447,/kbresearch/vitamin/reportView.do?vitaminId=1003819
211,산업분석,5G 이동통신이 바꾸는 세상,심경석,2019-07-15,4118,/kbresearch/vitamin/reportView.do?vitaminId=1003815
212,산업분석,"Amazon Lending,빅데이터를 이용한 비금융업의 기업금융 진출",김동우,2019-07-08,6054,/kbresearch/vitamin/reportView.do?vitaminId=1003812
213,경영환경,운전자보험의 개념 및 시장 동향,김도연,2019-07-08,2773,/kbresearch/vitamin/reportView.do?vitaminId=1003813
214,기타,"논리, 통계 그리고 인공지능의 미래",김진성,2019-07-01,3338,/kbresearch/vitamin/reportView.do?vitaminId=1003810
215,자산관리,연령대별 적절한 보험상품과 보험활용 Tip,박완수,2019-06-17,3190,/kbresearch/vitamin/reportView.do?vitaminId=1003811
216,마케팅,온라인 신조어의 발전과 기업의 마케팅 활용 사례,강서진,2019-06-12,5556,/kbresearch/vitamin/reportView.do?vitaminId=1003806
217,경영환경,"미래를 이끌 기술, 디지털 트윈의 진화와 적용 사례 ",김회민,2019-06-10,6987,/kbresearch/vitamin/reportView.do?vitaminId=1003805
218,마케팅,"e스포츠, 성장할 수 밖에 없는 미래 시장",권세환,2019-06-03,6091,/kbresearch/vitamin/reportView.do?vitaminId=1003804
219,마케팅,"톡톡 튀는 아이디어 대출상품 중개, P2P금융의 변화",오현정,2019-05-27,5460,/kbresearch/vitamin/reportView.do?vitaminId=1003801
220,부동산,초고층개발과 건물보존이 동시에 가능한 공중권,손은경,2019-05-27,2255,/kbresearch/vitamin/reportView.do?vitaminId=1003800
221,부동산,"미세먼지로부터 자유로운 도시, 수소도시의 미래 ",정종훈,2019-05-20,2898,/kbresearch/vitamin/reportView.do?vitaminId=1003790
222,자산관리,생명보험과 손해보험의 차이와 보장분석 활용법,이경식,2019-05-13,5981,/kbresearch/vitamin/reportView.do?vitaminId=1003787
223,경영환경,MaaS(서비스형 모빌리티)의 도래와 자동차그룹의 대응 ,박성수,2019-05-07,3872,/kbresearch/vitamin/reportView.do?vitaminId=1003786
224,부동산,"공간의 재발견, 도심형 창고 셀프 스토리지",류석재,2019-05-07,5844,/kbresearch/vitamin/reportView.do?vitaminId=1003785
234,산업분석,Netflix와 Disney로 보는 글로벌 OTT 플랫폼 트렌드,이택수,2019-04-29,6964,/kbresearch/vitamin/reportView.do?vitaminId=1003783
235,산업분석,"게임, 그 이상으로 진화 중인 마인크래프트의 성공 비결",장경석,2019-04-22,2517,/kbresearch/vitamin/reportView.do?vitaminId=1003780
236,산업분석,새롭게 시도되고 있는 자동차 구독 서비스,채희근,2019-04-22,4469,/kbresearch/vitamin/reportView.do?vitaminId=1003779
237,경영환경,2020 HR 키워드와 Digital HR,최지현,2019-04-18,4863,/kbresearch/vitamin/reportView.do?vitaminId=1003781
238,산업분석,빛을 이용하는 포토닉스 기술과 산업동향,심경석,2019-04-16,2186,/kbresearch/vitamin/reportView.do?vitaminId=1003777
239,해외경제,중국인민은행의 통화정책 기조 변화와 향후 전망,이정진,2019-04-16,2322,/kbresearch/vitamin/reportView.do?vitaminId=1003776
240,거시/경제,소비자물가의 일시적·구조적 하락 원인과 영향,이승훈,2019-03-25,3846,/kbresearch/vitamin/reportView.do?vitaminId=1003772
241,해외경제,밀레니얼 소셜리즘의 부상과 그 영향,김가현,2019-03-25,3701,/kbresearch/vitamin/reportView.do?vitaminId=1003773
242,해외경제,일본 시중은행의 효율화 모색 방안,한보화,2019-03-18,3563,/kbresearch/vitamin/reportView.do?vitaminId=1003768
243,경영환경,글로벌 Big Tech 기업에 대한 규제 움직임,강서진,2019-03-11,3654,/kbresearch/vitamin/reportView.do?vitaminId=1003765
244,산업분석,"차세대 바이오 유망 분야, 마이크로바이옴 & CAR-T",김동우,2019-03-11,4946,/kbresearch/vitamin/reportView.do?vitaminId=1003764
245,해외경제,미국 소기업(small business) 대상 핀테크 최신 동향,김회민,2019-03-04,3504,/kbresearch/vitamin/reportView.do?vitaminId=1003763
246,부동산,아파트 분양원가공개에 따른 주택시장 영향,손은경,2019-02-25,3782,/kbresearch/vitamin/reportView.do?vitaminId=1003760
247,마케팅,비금융정보 활용까지 확대된 개인신용평가 ,오현정 ,2019-02-25,4600,/kbresearch/vitamin/reportView.do?vitaminId=1003759
248,해외경제,미국과 일본의 중소기업 특화 퇴직연금 개혁,정인,2019-02-18,2378,/kbresearch/vitamin/reportView.do?vitaminId=1003757
249,산업분석,오프라인 매장의 다양한 모색과 ‘플래그십스토어’,이택수,2019-02-11,2521,/kbresearch/vitamin/reportView.do?vitaminId=1003755
250,산업분석,CES 2019에서 선보인 새로운 자동차 기술 트렌드,채희근,2019-02-11,2768,/kbresearch/vitamin/reportView.do?vitaminId=1003756
251,산업분석,글로벌 LNG 수요 증가와 조선업에 미치는 영향   ,장경석,2019-02-04,2427,/kbresearch/vitamin/reportView.do?vitaminId=1003754
252,산업분석,인간의 두뇌를 모방한 뉴로모픽 반도,심경석,2019-01-28,2028,/kbresearch/vitamin/reportView.do?vitaminId=1003758
253,경영환경,"Digital Transformation 시대, 스마트 러닝의 진화",최지현,2019-01-21,4264,/kbresearch/vitamin/reportView.do?vitaminId=1003753
254,자본시장,알리바바그룹 「상호보(相互?)」의 구조와 의미,정영권,2019-01-14,2525,/kbresearch/vitamin/reportView.do?vitaminId=1003752
255,해외경제,일본 기업과 은행들의 공동영업 점포 사례,한보화 ,2018-12-05,4243,/kbresearch/vitamin/reportView.do?vitaminId=1003736
256,산업분석,클라우드 컴퓨팅을 넘어서...엣지 컴퓨팅의 개념과 사례,김동우,2018-11-26,3859,/kbresearch/vitamin/reportView.do?vitaminId=1003737
257,부동산,"제로에너지 주택의 기본 모델, 패시브와 액티브 하우스",서동한,2018-11-19,3512,/kbresearch/vitamin/reportView.do?vitaminId=1003734
258,해외경제,일상화된 미세먼지 위험과 의료이용 행태의 변화,김도연,2018-11-14,3890,/kbresearch/vitamin/reportView.do?vitaminId=1003730
259,해외경제,‘Digital India’와 인도 통신시장의 성장 ,김회민,2018-11-12,2081,/kbresearch/vitamin/reportView.do?vitaminId=1003733
260,부동산,서울지역 전출입세대의 특성과 주택시장지표 활용,김태환,2018-11-07,3721,/kbresearch/vitamin/reportView.do?vitaminId=1003728
261,산업분석,세계 최초로 수소에너지 사회를 추진하는 일본,채희근,2018-11-01,2645,/kbresearch/vitamin/reportView.do?vitaminId=1003725
262,마케팅,고객관리 진화와 고객여정지도(Customer Journey Map),오현정,2018-10-30,7589,/kbresearch/vitamin/reportView.do?vitaminId=1003724
263,부동산,청년 1인가구의 주거 환경과 새로운 주거유형,김지훈,2018-10-17,5379,/kbresearch/vitamin/reportView.do?vitaminId=1003723
264,마케팅,인플루언서 마케팅과 SNS커머스의 성장 ,서정주,2018-10-10,6478,/kbresearch/vitamin/reportView.do?vitaminId=1003722
265,해외경제,중국 기업부채 문제와 회사채 디폴트,이정진,2018-09-27,2564,/kbresearch/vitamin/reportView.do?vitaminId=1003721
266,경영환경,"즉위 600년, 세종의 HR 전략과 지혜",최지현,2018-09-19,3777,/kbresearch/vitamin/reportView.do?vitaminId=1003702
267,산업분석,외부환경에 따라 모양이 변하는 4D 프린팅,심경석,2018-09-10,2306,/kbresearch/vitamin/reportView.do?vitaminId=1003715
268,해외경제,일본 중고용품 시장의 온라인화와 사업 다각화,한보화,2018-09-05,2402,/kbresearch/vitamin/reportView.do?vitaminId=1003729
269,경영환경,기업용 협업 메신저 ‘Slack’의 성장과 경쟁 동향,강서진,2018-09-03,3206,/kbresearch/vitamin/reportView.do?vitaminId=1003712
270,부동산,현실로 다가온 3D프린팅 주택,서동한,2018-08-29,2663,/kbresearch/vitamin/reportView.do?vitaminId=1003711
271,경영환경, 탄소배출권 시장과 블록체인 기술,김예구,2018-08-27,4132,/kbresearch/vitamin/reportView.do?vitaminId=1003713
272,자본시장,이슬람보험 ‘타카풀(Takaful)’의 이해 ,김도연,2018-08-20,2880,/kbresearch/vitamin/reportView.do?vitaminId=1003707
273,해외경제,창업국가 이스라엘의 핀테크 산업 현항 ,김회민,2018-08-16,2731,/kbresearch/vitamin/reportView.do?vitaminId=1003708
274,부동산,북한 주택 제도의 이해와 최근의 변화,김태환,2018-08-13,4342,/kbresearch/vitamin/reportView.do?vitaminId=1003709
275,부동산,이커머스 시대에 대응하는 부동산시장의 변화,손은경,2018-08-08,2984,/kbresearch/vitamin/reportView.do?vitaminId=1003706
276,산업분석,차세대 사업 변신을 준비하는 보쉬와 덴소,채희근,2018-08-06,2612,/kbresearch/vitamin/reportView.do?vitaminId=1003710
277,경영환경,"텔레메틱스(Telematics)와 결합, 진화한 자동차보험",박민하,2018-07-30,4240,/kbresearch/vitamin/reportView.do?vitaminId=1003697
278,경영환경,"불확실성 시대의 선택전략, 리얼옵션(Real Option)",정인 ,2018-07-25,5230,/kbresearch/vitamin/reportView.do?vitaminId=1003696
288,산업분석,"최근 여행 트렌드 변화의 핵심 주자, ‘아웃도어 캠핑’",오현정,2018-07-23,9391,/kbresearch/vitamin/reportView.do?vitaminId=1003695
289,경영환경,돈 버는 SNS ‘스팀잇(Steemit)’의 현황과 한계,김지훈,2018-07-16,6841,/kbresearch/vitamin/reportView.do?vitaminId=1003693
290,마케팅,키즈 디지털 콘텐츠 산업과 금융서비스 사례,서정주,2018-07-11,5158,/kbresearch/vitamin/reportView.do?vitaminId=1003692
291,마케팅,소셜네트워크서비스로 날개를 단 한국의 ‘플리마켓’,이택수,2018-07-09,4000,/kbresearch/vitamin/reportView.do?vitaminId=1003688
292,산업분석,본업에 충실한 로봇장인 화낙 ,장경석,2018-07-04,3078,/kbresearch/vitamin/reportView.do?vitaminId=1003687
293,경영환경,2018 ATD ICE로 보는 인재개발 글로벌 트렌드,최지현,2018-06-27,3389,/kbresearch/vitamin/reportView.do?vitaminId=1003685
294,해외경제,중국 자산관리상품 감독관리 강화 내용과 영향,이정진,2018-06-25,2192,/kbresearch/vitamin/reportView.do?vitaminId=1003686
295,산업분석,홀로그램의 진화와 산업동향,심경석,2018-06-20,3232,/kbresearch/vitamin/reportView.do?vitaminId=1003683
296,경영환경,보험 모아보기 서비스의 성장과 영향,정영권,2018-06-18,3450,/kbresearch/vitamin/reportView.do?vitaminId=1003681
297,해외경제,일본 시중은행의 디지털 통화 개발 현황 및 의의,한보화,2018-06-14,3520,/kbresearch/vitamin/reportView.do?vitaminId=1003670
298,해외경제,중국의 유럽기업 인수와 의미: KUKA 사례,김동우,2018-06-04,2804,/kbresearch/vitamin/reportView.do?vitaminId=1003678
299,경영환경,인공지능 알고리즘의 발전 방향과 금융산업 적용,김예구,2018-05-28,6176,/kbresearch/vitamin/reportView.do?vitaminId=1003682
300,경영환경,상업용 드론시장의 성장과 보험의 역할 ,김도연,2018-05-21,3504,/kbresearch/vitamin/reportView.do?vitaminId=1003671
301,부동산,인테리어시장의 성장과 미래,김태환,2018-05-16,5650,/kbresearch/vitamin/reportView.do?vitaminId=1003677
302,산업분석,자동차와 모빌리티 산업에도 활용되는 블록체인 기술,채희근,2018-05-09,5366,/kbresearch/vitamin/reportView.do?vitaminId=1003669
303,마케팅,간편송금에서 금융플랫폼으로 진화한 토스,오현정,2018-05-02,8839,/kbresearch/vitamin/reportView.do?vitaminId=1003668
304,부동산,헨리 조지 토지이론과 국내 토지공개념 제도,김진성,2018-04-30,4657,/kbresearch/vitamin/reportView.do?vitaminId=1003664
305,부동산,"국토균형개발의 핵심과제, 「혁신도시 시즌2」",김지훈,2018-04-25,3882,/kbresearch/vitamin/reportView.do?vitaminId=1003662
306,마케팅,1인 미디어로 시작하는 Meconomy의 진화 ,서정주,2018-04-18,7558,/kbresearch/vitamin/reportView.do?vitaminId=1003661
307,산업분석,가정용 게임기 ‘스위치’ 성공과 닌텐도의 재기	,이택수,2018-04-16,3454,/kbresearch/vitamin/reportView.do?vitaminId=1003660
308,산업분석,기본에 바탕을 둔 레고의 혁신 ,장경석,2018-04-11,3138,/kbresearch/vitamin/reportView.do?vitaminId=1003657
309,경영환경,"4차 산업혁명 시대, HR 패러다임의 전환",최지현,2018-04-04,8811,/kbresearch/vitamin/reportView.do?vitaminId=1003653
310,해외경제,중국 국유기업 개혁에 대한 이해,이정진,2018-04-02,3001,/kbresearch/vitamin/reportView.do?vitaminId=1003655
311,산업분석,전선 없이 무선으로 전기를 이용한다 - 무선전력전송 ,심경석,2018-03-28,3998,/kbresearch/vitamin/reportView.do?vitaminId=1003652
312,거시/경제,달러 기축통화의 역사와 페트로위안의 도전 ,이승훈,2018-03-21,5565,/kbresearch/vitamin/reportView.do?vitaminId=1003647
313,경영환경,종합 운송플랫폼을 꿈꾸는 우버(Uber)의 구상과 과제,강서진,2018-03-14,4091,/kbresearch/vitamin/reportView.do?vitaminId=1003651
314,산업분석,"소규모 태양광발전, 정책 변화와 투자 가능성",김동우,2018-03-07,1976,/kbresearch/vitamin/reportView.do?vitaminId=1003672
315,마케팅,「방탄소년단(BTS)」 사례를 통해 본 디지털 시대의 브랜드 커뮤니케이션,김예구,2018-03-05,6701,/kbresearch/vitamin/reportView.do?vitaminId=1003654
316,경영환경,스마트시티의 확산과 보험의 미래,김도연,2018-02-28,3760,/kbresearch/vitamin/reportView.do?vitaminId=1003650
317,부동산,"버려진 공간의 재발견, 공간 업사이클링(up-cycling)","김태환, 손연서",2018-02-26,5540,/kbresearch/vitamin/reportView.do?vitaminId=1003645
318,경영환경,VR/AR 기술을 활용한 차세대 금융서비스 사례,김회민,2018-02-21,4099,/kbresearch/vitamin/reportView.do?vitaminId=1003676
319,경영환경,프롭테크(PropTech)로 진화하는 부동산 서비스,박성수,2018-02-19,11303,/kbresearch/vitamin/reportView.do?vitaminId=1003643
320,마케팅,"집단지성을 활용한 혁신 , 크라우드소싱의 금융업 적용 사례",정인,2018-02-12,2784,/kbresearch/vitamin/reportView.do?vitaminId=1003675
321,자본시장,"가상화폐의 진화, ICO의 확산과 규제 ",김지훈,2018-02-05,6308,/kbresearch/vitamin/reportView.do?vitaminId=1003642
322,산업분석,ICT업체들은 자동차를 어떻게 생각하고 있을까?,cogmlrms,2018-01-29,3168,/kbresearch/vitamin/reportView.do?vitaminId=1003641
323,산업분석,서점의 변화에서 확인하는 오프라인 유통업의 미래,이택수,2018-01-24,4758,/kbresearch/vitamin/reportView.do?vitaminId=1003615
324,마케팅,저출산 시대에도 성장하는 엔젤 산업의 진화,서정주,2018-01-22,5161,/kbresearch/vitamin/reportView.do?vitaminId=1003631
325,산업분석,자율운항선박의 현재와 미래 ,장경석,2018-01-17,3495,/kbresearch/vitamin/reportView.do?vitaminId=1003616
326,해외경제,일본의 임금 상승 부진 배경과 영향,김가현,2018-01-10,2869,/kbresearch/vitamin/reportView.do?vitaminId=1003617
327,해외경제,중국의 디레버리징 동향과 거시경제 영향,이정진,2018-01-03,3767,/kbresearch/vitamin/reportView.do?vitaminId=1003614
328,거시/경제,전세계 수출 증가와 한국 수출 프리미엄 회복 가능성 점검,이승훈,2017-12-20,2762,/kbresearch/vitamin/reportView.do?vitaminId=1003613
329,부동산,영국 크로스레일 프로젝트를 통해 보는 수도권 광역급행철도 GTX,서동한,2017-12-13,5782,/kbresearch/vitamin/reportView.do?vitaminId=1003611
330,산업분석,SCM(Storage Class Memory) ? 막힘없는 데이터 처리를 위한 뉴메모리,심경석,2017-12-11,4048,/kbresearch/vitamin/reportView.do?vitaminId=1003612
331,산업분석,"재주목 받고 있는 수소전기차, 어디로 가고 있을까?",채희근,2017-11-27,3029,/kbresearch/vitamin/reportView.do?vitaminId=1003609
332,해외경제,"디지털 금융 혁신의 중심, BBVA",김회민,2017-11-22,5759,/kbresearch/vitamin/reportView.do?vitaminId=1003608
342,부동산,"똑똑한 도시, 스마트시티(Smart City) ",김태환,2017-11-20,5805,/kbresearch/vitamin/reportView.do?vitaminId=1003607
343,자본시장,디지털 경제학의 이해: 비용감소와 경제행위의 변화,정인,2017-11-15,4155,/kbresearch/vitamin/reportView.do?vitaminId=1003605
344,마케팅,고령화로 주목받는 실버케어 로봇 활용 사례,서정주,2017-11-06,5952,/kbresearch/vitamin/reportView.do?vitaminId=1003630
345,산업분석,홀푸드 社의 성장과 한국 프리미엄 식료품 시장의 가능성,이택수,2017-11-01,3164,/kbresearch/vitamin/reportView.do?vitaminId=1003629
346,산업분석,"DJI, 혁신으로 민간 드론 시장 평정",장경석,2017-10-23,3441,/kbresearch/vitamin/reportView.do?vitaminId=1003552
347,해외경제,필리핀 해외근로자의 본국 송금 둔화 배경 및 영향,김가현,2017-10-18,2351,/kbresearch/vitamin/reportView.do?vitaminId=1003551
348,자본시장,액티브 투자의 재부상 가능성과 운용업계의 대응,이윤재,2017-10-11,2952,/kbresearch/vitamin/reportView.do?vitaminId=1003550
349,해외경제,중국 위안화 강세 배경과 전망,이정진,2017-09-27,3501,/kbresearch/vitamin/reportView.do?vitaminId=1003549
350,산업분석,"정보연산의 패러다임 변화, DNA컴퓨터",심경석,2017-09-25,3656,/kbresearch/vitamin/reportView.do?vitaminId=1003548
351,부동산,교통 인프라 개발에 따른 주택가격 영향 점검,서동한,2017-09-04,3386,/kbresearch/vitamin/reportView.do?vitaminId=1003547
352,경영환경,공유경제(Sharing Economy)의 확산에 따른 기업의 대응과 최근 주요 논란,김주환,2017-08-28,7095,/kbresearch/vitamin/reportView.do?vitaminId=1003546
353,부동산,도시재생과 민간주도 도심관리 (town management),김태환,2017-08-21,4298,/kbresearch/vitamin/reportView.do?vitaminId=1003543
354,산업분석,"폭스바겐 디젤 사태 이후 2년, 전기차 약진",채희근,2017-08-16,4323,/kbresearch/vitamin/reportView.do?vitaminId=1003529
355,경영환경,스마트 스피커 출시 현황과 주요 업체들의 전략,김진성,2017-08-07,4661,/kbresearch/vitamin/reportView.do?vitaminId=1003528
356,경영환경,국내 직불결제 도입과 유럽의 최근 동향 ,박성수,2017-08-02,6849,/kbresearch/vitamin/reportView.do?vitaminId=1003500
357,마케팅,IoT를 활용한 반려동물 헬스케어 동향과 금융권 대응,황원경,2017-07-31,10883,/kbresearch/vitamin/reportView.do?vitaminId=1003480
358,마케팅,시장 트렌드에 대응하는 명품 브랜드의 영업 전략 변화,서정주,2017-07-26,7176,/kbresearch/vitamin/reportView.do?vitaminId=1003470
359,산업분석,성장하는 할랄시장과 국내 식품업체의 움직임,이택수,2017-07-24,4393,/kbresearch/vitamin/reportView.do?vitaminId=1003469
360,산업분석,소프트웨어 기업으로 변신하는 GE의 생존 전략,장경석,2017-07-19,5142,/kbresearch/vitamin/reportView.do?vitaminId=1003468
361,해외경제,유로존의 테이퍼링 가능성과 금융시장 영향,김가현,2017-07-17,7646,/kbresearch/vitamin/reportView.do?vitaminId=1003454
362,자본시장,지속가능투자(Sustainable Investment)의 이해와 향후 전망,이윤재,2017-07-12,7194,/kbresearch/vitamin/reportView.do?vitaminId=1003467
363,해외경제,최근 중국 본토 증시의 부진 배경과 전망,이정진,2017-07-10,3794,/kbresearch/vitamin/reportView.do?vitaminId=1003453
364,자본시장,한국의 대외건전성 현황과 자본유출 리스크 점검,이승훈,2017-07-05,4812,/kbresearch/vitamin/reportView.do?vitaminId=1003452
365,산업분석,차세대 디스플레이로 주목 받는 마이크로LED,심경석,2017-07-03,3476,/kbresearch/vitamin/reportView.do?vitaminId=1003466
366,산업분석,"동영상 플랫폼의 절대 강자, 유튜브의 성장과 변화",강서진,2017-06-28,6460,/kbresearch/vitamin/reportView.do?vitaminId=1003465
367,경영환경,4차 산업혁명과 GPU(Graphics Processing Unit)의 성장,김예구,2017-06-26,8687,/kbresearch/vitamin/reportView.do?vitaminId=1003464
368,부동산,국내 아울렛 쇼핑몰의 성장과 사업전략,서동한,2017-06-19,5124,/kbresearch/vitamin/reportView.do?vitaminId=1003462
369,경영환경,건강보험 통계로 본 의료이용 형태,김도연,2017-06-14,3647,/kbresearch/vitamin/reportView.do?vitaminId=1003463
370,경영환경,초연결사회 도래와 스마트 신인류 ,김주환,2017-06-12,5975,/kbresearch/vitamin/reportView.do?vitaminId=1003455
371,마케팅,행동경제학을 활용한 금융행동 개선,정인,2017-06-05,6468,/kbresearch/vitamin/reportView.do?vitaminId=1003451
372,산업분석,중국 자동차 경쟁력 어디까지 왔을까 ? ,채희근,2017-05-31,3310,/kbresearch/vitamin/reportView.do?vitaminId=1003441
373,자본시장,해외 퇴직연금사업자 평가 사례와 국내 도입 현황,황원경,2017-05-22,5213,/kbresearch/vitamin/reportView.do?vitaminId=1003527
374,산업분석,국내ㆍ외 스마트 팩토리 동향,장경석,2017-05-15,6660,/kbresearch/vitamin/reportView.do?vitaminId=1003431
375,마케팅,온라인 사업자의 성장과 글로벌화 ,서정주,2017-05-11,5115,/kbresearch/vitamin/reportView.do?vitaminId=1003430
376,자본시장,손실제한 ETN의 구조와 ELS 대체 가능성,이윤재,2017-05-04,3766,/kbresearch/vitamin/reportView.do?vitaminId=1003427
377,산업분석, 몬테카를로(Monte-Carlo) 방법 소개와 산업 및 금융 적용사례,심경석,2017-04-19,7173,/kbresearch/vitamin/reportView.do?vitaminId=1003424
378,부동산,진화를 거듭하는 국내 부동산 스타트업 ,손은경,2017-04-17,5606,/kbresearch/vitamin/reportView.do?vitaminId=1003423
379,경영환경,미 금융규제 변화: 도드프랭크법 VS. 금융선택법안,김주환,2017-03-27,4769,/kbresearch/vitamin/reportView.do?vitaminId=1003420
380,경영환경,인공지능(AI)의 윤리적 이슈와 금융업 관련 고려사항  ,정인,2017-03-13,11409,/kbresearch/vitamin/reportView.do?vitaminId=1003413
381,산업분석,확대되고 있는 자동차-IT 제휴와 M&A,채희근,2017-03-08,3666,/kbresearch/vitamin/reportView.do?vitaminId=1003412
382,산업분석,5G 시대를 준비하는 플레이어들,이택수,2017-02-20,5452,/kbresearch/vitamin/reportView.do?vitaminId=1003411
383,산업분석,지속되고 있는 아마존의 혁신 ,장경석,2017-02-15,5515,/kbresearch/vitamin/reportView.do?vitaminId=1003403
384,자본시장,안정성이 보강된 ELS의 부상과 향후 전망,이윤재,2017-02-06,4043,/kbresearch/vitamin/reportView.do?vitaminId=1003401
385,산업분석,메모리 반도체의 이해와 산업동향 ,심경석,2017-01-25,5659,/kbresearch/vitamin/reportView.do?vitaminId=1003399
386,부동산,2015년 인구주택총조사를 통해 본 주택시장 변화,손은경,2017-01-23,3983,/kbresearch/vitamin/reportView.do?vitaminId=1003398
396,경영환경,반려동물시장의 성장과 보험업계의 대응 ,김도연,2017-01-04,6034,/kbresearch/vitamin/reportView.do?vitaminId=1003397
397,자본시장,주요 금융불안지수의 이해,김주환,2017-01-02,5814,/kbresearch/vitamin/reportView.do?vitaminId=1003388
398,산업분석,"이케아 진출 2년, 홈퍼니싱 시장의 변화",이택수,2016-12-05,5732,/kbresearch/vitamin/reportView.do?vitaminId=1003379
399,자본시장,Hard Brexit 우려가 영국에 미치는 영향,김가현,2016-11-21,5238,/kbresearch/vitamin/reportView.do?vitaminId=1003370
400,자본시장,동전(현금) 없는 사회 논의와 시사점,이승훈,2016-11-09,9361,/kbresearch/vitamin/reportView.do?vitaminId=1003369
401,산업분석,LED 조명으로 정보를 전송한다-가시광 통신 ,심경석,2016-11-07,3521,/kbresearch/vitamin/reportView.do?vitaminId=1003368
402,부동산,주택도시기금 이해와 역할 변화,손은경,2016-11-02,3972,/kbresearch/vitamin/reportView.do?vitaminId=1003367
403,기타,첨단운전자보조시스템(ADAS)의 성장과 보험시장 영향,김도연,2016-10-17,3965,/kbresearch/vitamin/reportView.do?vitaminId=1003366
404,해외경제,영국의 ISA 확장과 라이프타임 ISA 도입,정인,2016-09-28,7510,/kbresearch/vitamin/reportView.do?vitaminId=1003358
405,마케팅,서비스업의 동적(Dynamic)가격 전략과 금융업 적용사례,박성수,2016-09-21,8817,/kbresearch/vitamin/reportView.do?vitaminId=1003357
406,자산관리,펫신탁의 개념과 일본 금융권 활용사례,황원경,2016-09-13,10517,/kbresearch/vitamin/reportView.do?vitaminId=1003355
407,산업분석,전기자동차가 견인하는 전지 시장의 변화,이택수,2016-09-12,5449,/kbresearch/vitamin/reportView.do?vitaminId=1003354
408,산업분석,금융위기 이후 급성장 중인 로봇산업 현황과 주요국 동향,장경석,2016-09-07,7564,/kbresearch/vitamin/reportView.do?vitaminId=1003351
409,기타,푸드테크(Food Tech)의 진화와 발전,서정주,2016-08-31,9264,/kbresearch/vitamin/reportView.do?vitaminId=1003348
410,거시/경제,미국의 물가 전망과 금리인상에 미치는 영향,김가현,2016-08-26,12529,/kbresearch/vitamin/reportView.do?vitaminId=1003347
411,자본시장,벤처투자 다양화를 위한 Convertible Note의 이해와 활용,이윤재,2016-08-24,5532,/kbresearch/vitamin/reportView.do?vitaminId=1003341
412,해외경제,최근 중국 주택가격 동향과 향후 전망,이정진,2016-08-19,4398,/kbresearch/vitamin/reportView.do?vitaminId=1003339
413,기타,기본소득(Basic Income)의 내용과 시사점,이승훈,2016-08-17,8007,/kbresearch/vitamin/reportView.do?vitaminId=1003338
414,부동산,주요국의 인구구조 변화와 주택시장,손은경,2016-08-08,7439,/kbresearch/vitamin/reportView.do?vitaminId=1003333
415,경영환경,내부 기업가정신(Intrapreneurship)과 사내 벤처,김예구,2016-08-05,6353,/kbresearch/vitamin/reportView.do?vitaminId=1003332
416,기타,긱 이코노미(Gig Economy)의 이해와 향후 전망,강서진,2016-08-03,13101,/kbresearch/vitamin/reportView.do?vitaminId=1003330
417,부동산,"고분양가 논란의 중심, 재건축시장",서동한,2016-07-29,5165,/kbresearch/vitamin/reportView.do?vitaminId=1003328
418,산업분석,정책 지원과 규제가 만드는 전기차 시장의 성장,이택수,2016-07-27,5683,/kbresearch/vitamin/reportView.do?vitaminId=1003327
419,경영환경,증가하는 사이버리스크와 사이버보험 시장 확대,김도연,2016-07-21,6876,/kbresearch/vitamin/reportView.do?vitaminId=1003325
420,자본시장,변동성지수의 이해와 활용,김주환,2016-07-20,5977,/kbresearch/vitamin/reportView.do?vitaminId=1003324
421,기타,인공지능 기술의 발달과 가상 개인비서 서비스의 진화,김회민,2016-07-15,7055,/kbresearch/vitamin/reportView.do?vitaminId=1003322
422,부동산,부동산P2P대출 확산과 주택시장,이종아,2016-07-13,6782,/kbresearch/vitamin/reportView.do?vitaminId=1003321
423,자산관리,해외 각국의 하이브리드형 퇴직연금 도입 동향,정인,2016-07-11,5434,/kbresearch/vitamin/reportView.do?vitaminId=1003317
424,마케팅,리테일 판매사원 혁신과 유니버설 뱅커,박성수,2016-06-29,8927,/kbresearch/vitamin/reportView.do?vitaminId=1003311
425,자산관리,대학 연계형 은퇴자 커뮤니티의 이해와 금융권 활용과제,황원경,2016-06-24,5852,/kbresearch/vitamin/reportView.do?vitaminId=1003310
426,산업분석,선박 수처리 시장의 부각과 국내 조선 기자재 산업의 수혜,장경석,2016-06-17,4321,/kbresearch/vitamin/reportView.do?vitaminId=1003306
427,거시/경제,BREXIT의 영국/EU 경제 및 외환시장 영향,김가현,2016-06-15,6878,/kbresearch/vitamin/reportView.do?vitaminId=1003305
428,기타,O2O 먹거리 배달서비스의 진화,서정주,2016-06-10,6011,/kbresearch/vitamin/reportView.do?vitaminId=1003302
429,자본시장,대체거래시스템(ATS) 국내 도입 논의와 시사점 ,이윤재,2016-06-03,6332,/kbresearch/vitamin/reportView.do?vitaminId=1003299
430,해외경제,중국 유동성 확대에도 실물경제는 부진,이정진,2016-06-01,4380,/kbresearch/vitamin/reportView.do?vitaminId=1003296
431,해외경제,마이너스 금리 도입 현황과 쟁점,이승훈,2016-05-27,7548,/kbresearch/vitamin/reportView.do?vitaminId=1003295
432,부동산,"미래형 주거형태, 제로에너지 주택",손은경,2016-05-23,4744,/kbresearch/vitamin/reportView.do?vitaminId=1003294
433,경영환경,간소한 혁신(Frugal Innovation)과 금융업의 대응,김예구,2016-05-20,7264,/kbresearch/vitamin/reportView.do?vitaminId=1003293
434,기타,모바일 메신저의 챗봇(Chatbot) 도입과 시사점,강서진,2016-05-13,8145,/kbresearch/vitamin/reportView.do?vitaminId=1003286
435,기타,"MOOC, IT기술과 교육의 융합",김동우,2016-05-11,5070,/kbresearch/vitamin/reportView.do?vitaminId=1003284
436,부동산,중소형빌딩 시장 거래동향 및 리스크 요인 점검,서동한,2016-05-09,4369,/kbresearch/vitamin/reportView.do?vitaminId=1003283
437,경영환경,지난 10년 글로벌 은행의 국가별 수익성 변화,김주환,2016-05-04,5163,/kbresearch/vitamin/reportView.do?vitaminId=1003276
438,경영환경,알파고의 딥 러닝(Deep Learning) 금융업 적용 사례,김회민,2016-05-02,7851,/kbresearch/vitamin/reportView.do?vitaminId=1003274
439,경영환경,스마트홈 시장의 성장과 보험사의 연계 사례,김도연,2016-04-29,5201,/kbresearch/vitamin/reportView.do?vitaminId=1003273
440,부동산,전세 제도의 이해와 시장 변화,이종아,2016-04-22,5045,/kbresearch/vitamin/reportView.do?vitaminId=1003271
450,경영환경,"온디맨드(On-Demand) 시대의 보험, 보험의 온디맨드화",정인,2016-04-20,6457,/kbresearch/vitamin/reportView.do?vitaminId=1003270
451,기타,사후면세 즉시환급제 도입과 관련 서비스의 성장,박성수,2016-04-08,5766,/kbresearch/vitamin/reportView.do?vitaminId=1003260
452,자산관리,고령화 사회의 Aging in place를 위한 주거지원체계 트렌드,황원경,2016-04-06,7523,/kbresearch/vitamin/reportView.do?vitaminId=1003255
453,산업분석,해운업 M&A에 따른 글로벌 얼라이언스의 지각 변동,장경석,2016-04-01,4897,/kbresearch/vitamin/reportView.do?vitaminId=1003253
454,마케팅,아트 테라피(Art Therapy)의 이해와 활용,서정주,2016-03-25,3895,/kbresearch/vitamin/reportView.do?vitaminId=1003251
455,거시/경제,엔화 강세 전환이 일본 경제에 미치는 영향,김가현,2016-03-23,5833,/kbresearch/vitamin/reportView.do?vitaminId=1003250
456,자산관리,효율적 자산관리 수단으로서 ETN의 활용,이윤재,2016-03-18,4436,/kbresearch/vitamin/reportView.do?vitaminId=1003249
457,해외경제,최근 중국의 자본유출과 금융시장 영향,이정진,2016-03-16,4154,/kbresearch/vitamin/reportView.do?vitaminId=1003245
458,거시/경제,미국의 경제상황과 금리인상 여건 변화,이승훈,2016-03-11,5695,/kbresearch/vitamin/reportView.do?vitaminId=1003242
459,산업분석,"화장품산업의 새로운 트렌드, 바이오화장품",이택수,2016-03-09,7470,/kbresearch/vitamin/reportView.do?vitaminId=1003237
460,부동산,미국 밀레니얼 세대와 주택시장 진입 가능성,손은경,2016-03-04,4379,/kbresearch/vitamin/reportView.do?vitaminId=1003236
461,기타,커넥티드 카 개발 동향과 미래 변화,강서진,2016-03-02,4762,/kbresearch/vitamin/reportView.do?vitaminId=1003235
462,경영환경,지급결제 표준 경쟁과 MasterCard의 대응 사례,김예구,2016-02-26,4882,/kbresearch/vitamin/reportView.do?vitaminId=1003234
463,기타,미국 의류 소매유통시장의 변화: 오프프라이스 매장의 성장,김동우,2016-02-24,5405,/kbresearch/vitamin/reportView.do?vitaminId=1003233
464,마케팅,실태조사로 본 일본 생명보험의 고객 니즈 변화,김도연,2016-02-17,5935,/kbresearch/vitamin/reportView.do?vitaminId=1003229
465,자본시장,EMP(ETF Managed Portfolio)에 대한 이해,김주환,2016-02-05,7079,/kbresearch/vitamin/reportView.do?vitaminId=1003224
466,자산관리,모바일 가계부와 자동 저축 서비스 통합 사례 - Digit(미국),김회민,2016-02-03,5200,/kbresearch/vitamin/reportView.do?vitaminId=1003221
467,부동산,서비스드 오피스의 개념 및 현황 ,이종아,2016-01-29,6466,/kbresearch/vitamin/reportView.do?vitaminId=1003220
468,기타,가상현실 생태계의 확장과 금융서비스 적용 가능성,정인,2016-01-27,5954,/kbresearch/vitamin/reportView.do?vitaminId=1003219
469,해외경제,인도네시아 E-Money 시장 현황과 전망,박진우,2016-01-20,4443,/kbresearch/vitamin/reportView.do?vitaminId=1003218
470,마케팅,마켓플레이스에서 마케팅인큐베이터로 진화하는 O2O,박성수,2016-01-15,5981,/kbresearch/vitamin/reportView.do?vitaminId=1003215
471,자산관리,경증치매 증가에 대응한 치매신탁 도입 필요성,황원경,2016-01-13,4614,/kbresearch/vitamin/reportView.do?vitaminId=1003213
472,거시/경제,끝나지 않은 셰일가스 혁명,장경석,2016-01-06,5965,/kbresearch/vitamin/reportView.do?vitaminId=1003205
473,마케팅,웰다잉(well-dying)에 대한 인식 변화와 최근 이슈,서정주,2015-12-30,4730,/kbresearch/vitamin/reportView.do?vitaminId=1003203
474,자본시장,보험연계증권(ILS)의 이해와 투자 활용,이윤재,2015-12-28,4780,/kbresearch/vitamin/reportView.do?vitaminId=1003202
475,거시/경제,국제 금 시장 동향 및 전망,김가현,2015-12-23,4326,/kbresearch/vitamin/reportView.do?vitaminId=1003201
476,거시/경제,2015년 가계 소비지출 구조 변화 - 고령가구 증가에 따른 경제적 영향을 중심으로,이승훈,2015-12-18,5644,/kbresearch/vitamin/reportView.do?vitaminId=1003200
477,산업분석,전장고(가정용 ESS) 시장 현황과 미래,김동우,2015-12-16,5155,/kbresearch/vitamin/reportView.do?vitaminId=1003197
478,산업분석,편의점의 오프라인 인프라와 활용 사례,강서진,2015-12-09,5748,/kbresearch/vitamin/reportView.do?vitaminId=1003189
479,기타,블록체인 기술과 금융의 변화,김예구,2015-11-26,14446,/kbresearch/vitamin/reportView.do?vitaminId=1003184
480,기타,온라인 플랫폼을 통한 P2B대출의 성장과 사례,김동우,2015-11-25,5617,/kbresearch/vitamin/reportView.do?vitaminId=1003183
481,부동산,"골목길의 부활, 신흥 성장 상권의 특징 분석",서동한,2015-11-20,5469,/kbresearch/vitamin/reportView.do?vitaminId=1003182
482,자본시장,최근 국내외 ETF 시장의 변화와 특징,김주환,2015-11-18,4423,/kbresearch/vitamin/reportView.do?vitaminId=1003181
483,기타,머신러닝(Machine Learning)과 금융업 적용 사례,김회민,2015-11-13,6576,/kbresearch/vitamin/reportView.do?vitaminId=1003178
484,부동산,집주인 리모델링 임대사업의 개요 및 추진 현황,이종아 ,2015-11-11,4046,/kbresearch/vitamin/reportView.do?vitaminId=1003174
485,자산관리,디지털 기술에 의한 보험 판매채널의 진화,정인,2015-11-09,4762,/kbresearch/vitamin/reportView.do?vitaminId=1003169
486,마케팅,저성장기 소비패턴과 세컨드 브랜드 활용 사례,박성수,2015-10-28,4937,/kbresearch/vitamin/reportView.do?vitaminId=1003166
487,자산관리,국내외 건강관리서비스 사례와 금융권 활용 가능성,황원경,2015-10-23,6080,/kbresearch/vitamin/reportView.do?vitaminId=1003164
488,산업분석,"초대형 컨테이너선 발주 경쟁, 해운 치킨게임의 서막",장경석,2015-10-21,4204,/kbresearch/vitamin/reportView.do?vitaminId=1003163
489,마케팅,스낵컬처(Snack Culture)의 확산과 활용 ,서정주,2015-10-14,5306,/kbresearch/vitamin/reportView.do?vitaminId=1003159
490,거시/경제,베트남의 동화 가치 절하와 증시 영향,김가현,2015-10-07,3534,/kbresearch/vitamin/reportView.do?vitaminId=1003153
491,해외경제,최근 중국의 주택 시장 동향 및 정부 정책,이정진,2015-10-02,4182,/kbresearch/vitamin/reportView.do?vitaminId=1003150
492,거시/경제,한국의 대외채무 현황과 대외건전성 점검,이승훈,2015-09-25,5434,/kbresearch/vitamin/reportView.do?vitaminId=1003149
493,경영환경,글로벌 금융회사의 핀테크 도입과 골드만삭스 사례,강서진,2015-09-18,9364,/kbresearch/vitamin/reportView.do?vitaminId=1003146
494,기타,Intuitive Technology(직감 기술)와 금융업 적용 사례,김예구,2015-09-11,5838,/kbresearch/vitamin/reportView.do?vitaminId=1003140
504,산업분석,숙박공유 스타트업의 부상과 전통 호텔의 대응,김동우,2015-09-09,4801,/kbresearch/vitamin/reportView.do?vitaminId=1003137
505,부동산,부산 지역 주택시장의 최근 동향과 전망,서동한,2015-09-04,4532,/kbresearch/vitamin/reportView.do?vitaminId=1003067
506,자본시장,호주 자기관리퇴직연금(SMSFs)의 성장,김주환,2015-09-02,4105,/kbresearch/vitamin/reportView.do?vitaminId=1003066
507,기타,인성평가 금융업 적용 사례- Payoff(미국),김회민,2015-08-28,5170,/kbresearch/vitamin/reportView.do?vitaminId=1003065
508,부동산,주택연금 제도 변화와 가입자 분석 ,이종아,2015-08-27,4031,/kbresearch/vitamin/reportView.do?vitaminId=1003064
509,자산관리,"사물인터넷 시대, 텔레매틱스 보험 모델의 확산",정인,2015-08-21,6026,/kbresearch/vitamin/reportView.do?vitaminId=1003062
510,기타,가계복지조사(통계청)로 살펴본 국내 가구 은퇴시점과 은퇴준비,김진성,2015-08-17,4887,/kbresearch/vitamin/reportView.do?vitaminId=1003058
511,기타,1인 미디어와 MCN산업의 성장,박성수,2015-08-12,5980,/kbresearch/vitamin/reportView.do?vitaminId=1003054
512,자산관리,기금형 퇴직연금제도의 이해와 도입 효과,황원경,2015-08-07,4704,/kbresearch/vitamin/reportView.do?vitaminId=1003051
513,산업분석,풍요 속의 빈곤 소셜커머스 전망과 과제,장경석,2015-08-03,6004,/kbresearch/vitamin/reportView.do?vitaminId=1003049
514,기타,스마트 모빌리티(Smart Mobility) 현황과 전망,서정주,2015-07-29,9293,/kbresearch/vitamin/reportView.do?vitaminId=1003046
515,거시/경제,해외투자 활성화 방안의 주요 내용과 영향,김가현,2015-07-24,4718,/kbresearch/vitamin/reportView.do?vitaminId=1003045
516,자산관리,ELS인덱스펀드의 이해와 활용,이윤재,2015-07-22,4956,/kbresearch/vitamin/reportView.do?vitaminId=1003044
517,해외경제,최근 중국의 외환 유출 확대 배경과 평가,이정진,2015-07-17,4904,/kbresearch/vitamin/reportView.do?vitaminId=1003041
518,거시/경제,최근 소비자물가 동향과 하반기 전망,이승훈,2015-07-15,4406,/kbresearch/vitamin/reportView.do?vitaminId=1003040
519,산업분석,국내 백화점의 최근 실적과 주요 트렌드,정훈,2015-07-10,5149,/kbresearch/vitamin/reportView.do?vitaminId=1003036
520,기타,해외송금 핀테크 기업의 성장과 시사점,강서진,2015-07-08,7747,/kbresearch/vitamin/reportView.do?vitaminId=1003033
521,산업분석,국내외 무인이동체 산업 현황,최진웅,2015-07-03,4229,/kbresearch/vitamin/reportView.do?vitaminId=1003030
522,기타,오픈 이노베이션과 금융업의 적용 사례,김예구,2015-07-01,5391,/kbresearch/vitamin/reportView.do?vitaminId=1003029
523,산업분석,"mHealth, 의료와 모바일의 융합모델 부상",김동우,2015-06-26,5019,/kbresearch/vitamin/reportView.do?vitaminId=1003028
524,부동산,주택 임대차 관련 보증보험시장 현황 및 전망,서동한,2015-06-24,4306,/kbresearch/vitamin/reportView.do?vitaminId=1003027
525,자본시장,책임투자와 스튜어드십 코드,김주환,2015-06-19,4723,/kbresearch/vitamin/reportView.do?vitaminId=1003026
526,기타,미국의 개인 신용평점모델 개선과 금융소외자 적용 사례,김회민,2015-06-17,4794,/kbresearch/vitamin/reportView.do?vitaminId=1003024
527,부동산,상가건물 임대차보호법 개정의 주요 내용과 영향,이종아,2015-06-12,3980,/kbresearch/vitamin/reportView.do?vitaminId=1003022
528,자산관리,국내 가구의 소득 자산 구간별 부채보유 특성,김진성,2015-06-01,4415,/kbresearch/vitamin/reportView.do?vitaminId=1003013
529,마케팅,회원제상거래(Subscription Commerce)의 등장과 금융업의 활용 가능성,박성수,2015-05-29,3880,/kbresearch/vitamin/reportView.do?vitaminId=1003012
530,자산관리,금융사의 시니어고객 대상 비금융서비스 사례,황원경,2015-05-22,6378,/kbresearch/vitamin/reportView.do?vitaminId=1003010
531,마케팅,게임화(Gamification)에 대한 이해와 전망,서정주,2015-05-20,4670,/kbresearch/vitamin/reportView.do?vitaminId=1003009
532,거시/경제,일본 엔화 환율 동향과 전망,김가현,2015-05-13,7068,/kbresearch/vitamin/reportView.do?vitaminId=1002994
533,자산관리,스마트베타 전략의 이해와 활용,이윤재,2015-05-11,4403,/kbresearch/vitamin/reportView.do?vitaminId=1002993
534,해외경제,"중국 주가급등에 대한 상반된 견해, 버블 vs. 강세장",이정진,2015-05-06,4286,/kbresearch/vitamin/reportView.do?vitaminId=1002989
535,거시/경제,한국의 수출여건 점검과 산업별 수출 동향,이승훈,2015-04-30,4162,/kbresearch/vitamin/reportView.do?vitaminId=1002988
536,기타,해외 역직구 시장의 성장과 결제시장의 변화,강서진,2015-04-29,5758,/kbresearch/vitamin/reportView.do?vitaminId=1002987
537,기타,"Retail clinic, 유통과 의료의 융합모델 부상",김동우,2015-04-17,5373,/kbresearch/vitamin/reportView.do?vitaminId=1002984
538,기타,금융상품 투자금 수령/납입방식의 중요성 및 선택 설계,김예구,2015-04-15,3525,/kbresearch/vitamin/reportView.do?vitaminId=1002982
539,부동산,최근 수도권 분양시장의 주요 특징과 향후 전망,서동한,2015-04-10,3991,/kbresearch/vitamin/reportView.do?vitaminId=1002979
540,자본시장,글로벌 연기금의 자산배분 전략 변화,김주환,2015-04-08,4372,/kbresearch/vitamin/reportView.do?vitaminId=1002974
541,부동산,뉴스테이(기업형 주택임대) 정책의 이해와 영향,이종아,2015-04-03,5036,/kbresearch/vitamin/reportView.do?vitaminId=1002972
542,기타,인성평가를 활용한 신용평가 사례와 시사점,김회민,2015-04-01,4630,/kbresearch/vitamin/reportView.do?vitaminId=1002971
543,마케팅,국내외 반려동물보험 동향과 시사점,황원경,2015-03-27,4979,/kbresearch/vitamin/reportView.do?vitaminId=1002970
544,자산관리,로보 어드바이저의 부상과 자산관리 서비스의 변화,정인,2015-03-23,6759,/kbresearch/vitamin/reportView.do?vitaminId=1002969
545,마케팅,은행 브랜치의 역할과 아웃바운드 현황,박성수,2015-03-18,6306,/kbresearch/vitamin/reportView.do?vitaminId=1002967
546,자산관리,가업승계 지원제도 현황과 시사점,서정주,2015-03-09,3785,/kbresearch/vitamin/reportView.do?vitaminId=1002951
547,자본시장,벤처투자 선순환을 위한 세컨더리마켓(중간회수시장)의 역할,이윤재,2015-03-02,4867,/kbresearch/vitamin/reportView.do?vitaminId=1002948
548,기타,웨어러블 기기의 진화와 미래 금융서비스,강서진,2015-02-25,5140,/kbresearch/vitamin/reportView.do?vitaminId=1002947
558,해외경제,2015년 중국 성장률 바오치(7% 유지) 가능성 점검,이정진,2015-02-23,3291,/kbresearch/vitamin/reportView.do?vitaminId=1002945
559,거시/경제,미국의 정책금리 인상 논의와 글로벌 자금흐름 영향,이승훈,2015-02-16,5563,/kbresearch/vitamin/reportView.do?vitaminId=1002943
560,자본시장,주주행동주의와 행동주의 펀드의 성장,김예구,2015-02-04,4166,/kbresearch/vitamin/reportView.do?vitaminId=1002934
561,경영환경,독립투자자문업자(IFA) 제도 도입과 영향,김주환,2015-02-02,5144,/kbresearch/vitamin/reportView.do?vitaminId=1002933
562,기타,영국의 테크시티(Tech City)와 핀테크,김동우,2015-01-28,7479,/kbresearch/vitamin/reportView.do?vitaminId=1002932
563,부동산,행복주택의 이해 및 추진현황,이종아,2015-01-26,4454,/kbresearch/vitamin/reportView.do?vitaminId=1002930
564,자산관리,저금리시대의 저축과 레버리지 투자,김진성,2015-01-21,5201,/kbresearch/vitamin/reportView.do?vitaminId=1002927
565,경영환경,O2O 거래의 개념 및 관련 논란의 이해,정훈,2015-01-09,6651,/kbresearch/vitamin/reportView.do?vitaminId=1002916
566,부동산,2015년 미국 부동산시장 트렌드 점검,손은경,2015-01-07,3668,/kbresearch/vitamin/reportView.do?vitaminId=1002913
567,자산관리,타겟데이트(Target Date)펀드의 이해와 시사점,황원경,2015-01-05,4090,/kbresearch/vitamin/reportView.do?vitaminId=1002912
